"","a","d","aa","ad","dd","NA"
"1. / 2.",0.913461538461538,0.423076923076923,0.0673076923076923,0.240384615384615,0.573717948717949,0.00961538461538462
"2. / 1.",0.903846153846154,0.0352564102564103,0.185897435897436,0.205128205128205,0.782051282051282,0.00961538461538462
"1. * 2.",0.916666666666667,0.0480769230769231,0.0192307692307692,0.269230769230769,0.865384615384615,0.00641025641025641
"1. + 2.",0.766025641025641,0.0673076923076923,0.0224358974358974,0.0897435897435897,0.692307692307692,0.016025641025641
"1. - 2.",0.753205128205128,0.0448717948717949,0.0352564102564103,0.105769230769231,0.66025641025641,0.0128205128205128
"2. - 1.",0.753205128205128,0.0448717948717949,0.0352564102564103,0.105769230769231,0.66025641025641,0.0128205128205128
