"","a","d","aa","ad","dd","NA"
"1. / 2.",0.0683760683760684,0.452991452991453,0.111111111111111,0.957264957264957,0.700854700854701,0
"2. / 1.",0.0683760683760684,0.538461538461538,0.495726495726496,0.957264957264957,0.854700854700855,0
"1. * 2.",0.102564102564103,0.0512820512820513,0.0341880341880342,0.965811965811966,0.94017094017094,0
"1. + 2.",0.0683760683760684,0.136752136752137,0.0598290598290598,0.735042735042735,0.726495726495726,0.00854700854700855
"1. - 2.",0.0769230769230769,0.153846153846154,0.0854700854700855,0.743589743589744,0.692307692307692,0
"2. - 1.",0.0769230769230769,0.153846153846154,0.0854700854700855,0.743589743589744,0.692307692307692,0
