cross,mean,SE,sex,environ,sire,dam
P1,211.5,0.514705882,M,1,1,1
F1,197,1.176470588,M,1,6,1
rF1,201,0.514705882,M,1,1,6
F2,199.5,1.323529412,M,1,2,2
rF2,200,0.735294118,M,1,3,3
P2,187,0.514705882,M,1,6,6