cross,mean,SE,sex,environ,sire,dam
P1,0.225,0.000610687,M,1,1,1
F1,0.19375,0.000534351,M,1,6,1
rF1,0.21875,0.000534351,M,1,1,6
F2,0.19375,0.000534351,M,1,2,2
rF2,0.2,0.000534351,M,1,3,3
P2,0.1625,0.000534351,M,1,6,6