cross,mean,SE,sex,environ,sire,dam
P1,12.08333333,0.721649485,M,1,1,1
P2,13.33333333,1.443298969,M,1,2,2
F1,14.58333333,2.164948454,M,1,2,1
rF1,15.41666667,0.87628866,M,1,1,2
F2,15.41666667,0.63157895,M,1,3,3
rF2,16.6666666,1.237113402,M,1,4,4