cross,mean,SE,sex,environ,sire,dam
P1,0.395,0.009230769,F,1,1,1
F1,0.42,0.005384615,F,1,6,1
rF1,0.43,0.007692308,F,1,1,6
F2,0.37,0.009230769,F,1,2,2
rF2,0.375,0.013076923,F,1,3,3
P2,0.315,0.01,F,1,6,6