cross,mean,SE,sex,environ,sire,dam
P1,12.125,0.541666667,F,1,1,1
F1,11,0.333333333,F,1,6,1
rF1,10.5,0.666666667,F,1,1,6
F2,8.25,0.291666667,F,1,2,2
rF2,10.75,0.666666667,F,1,3,3
P2,4.5,0.791666667,F,1,6,6