cross,mean,SE,sex,environ,sire,dam
P1,0.4,0.154574132,U,1,1,1
P2,0.08571,0.041009464,U,1,2,2
F1,0.22857,0.09148265,U,1,1,2
F2,0.671425,0.132492114,U,1,3,3
BC1,0.357135,0.167192429,U,1,1,3
BC2,0.214285,0.069400631,U,1,2,3