cross,mean,SE,sex,environ,sire,dam
P1,0.571428571,0.130750605,U,1,1,1
P2,0.042857143,0.02307692,U,1,2,2
F1,0.214285714,0.0968523,U,1,1,2
F2,0.614285714,0.076271186,U,1,3,3
BC1,0.685714286,0.142857143,U,1,1,3
BC2,0.671428572,0.131961259,U,1,2,3