cross,mean,SE,sex,environ,sire,dam
P1,44.16666666,12.26932668,U,1,1,1
P2,5.833333333,3.142144638,U,1,2,2
F1,16.66666667,9.27680798,U,1,1,2
F2,27.5,7.481296758,U,1,3,3
BC1,10.83333333,2.394014963,U,1,1,3
BC2,19.16666666,10.32418953,U,1,2,3