cross,mean,SE,sex,environ,sire,dam
P1,33.25,6.96612,U,1,1,1
P2,42.5,4.31774,U,1,2,2
F1,42,9.03169,U,1,2,1
rF1,31.57143,7.25015,U,1,1,2
F2a,40.57143,10.08737,U,1,3,3
rF2b,33.57143,6.76425,U,1,3,4
F2b,44,2.47656,U,1,4,3
F2c,50.75,7.29909,U,1,4,4
BC1a,44,10.65207,U,1,3,1
BC1b,41.28571,8.6043,U,1,4,1
rBC1a,42.125,8.3718,U,1,1,3
rBC1b,20.66667,2.33333,U,1,1,4
rBC2a,45.85714,7.70414,U,1,3,2
rBC2b,40.33333,10.26861,U,1,4,2
BC2a,46.85714,10.37724,U,1,2,3
BC2b,55.33333,11.56623,U,1,2,4