cross,mean,SE,sex,environ,sire,dam
P1,61,8.098159509,U,1,1,1
BC1,54,8.834355828,U,1,1,3
F1,13,9.81595092,U,1,1,6
F2,19,14.23312883,U,1,3,3
BC2,13,12.02453988,U,1,6,3
P2,26,13.74233129,U,1,6,6