cross,mean,SE,sex,environ,sire,dam
P1,29,0.66815,U,1,1,1
P2,40,0.95258,U,1,2,2
F1,41,0.65094,U,1,1,2
F2,39,0.46359,U,1,3,3
BC1,34,0.58277,U,1,1,3
BC2,41,0.85424,U,1,2,3