cross,mean,SE,sex,environ,sire,dam
P1,32.375,5.82463,U,1,1,1
P2,42.5,4.31774,U,1,2,2
F1,59.83333,14.36991,U,1,2,1
rF1,37.5,15.87398,U,1,1,2
F2a,32,6.65475,U,1,3,3
rF2b,35.57143,8.91723,U,1,3,4
F2b,47,6.98638,U,1,4,3
F2c,28.14286,7.32715,U,1,4,4
BC1a,30.8,9.45727,U,1,3,1
BC1b,51.42857,8.53524,U,1,4,1
rBC1a,45.5,6.05628,U,1,1,3
rBC1b,45.25,7.76381,U,1,1,4
rBC2a,34.14286,7.1061,U,1,3,2
rBC2b,39.6,15.73086,U,1,4,2
BC2a,53,6.62786,U,1,2,3
BC2b,58.28571,8.52926,U,1,2,4