cross,mean,SE,sex,environ,sire,dam
P1,35,5.593220339,U,1,1,1
BC1,30.5555555,1.93220339,U,1,1,3
F1,21.66666666,4.271186441,U,1,1,6
F2,27.91666666,5.898305085,U,1,3,3
BC2,23.33333333,3.203389831,U,1,6,3
P2,28.33333333,6.305084746,U,1,6,6