cross,mean,SE,sex,environ,sire,dam
P1,3.5625,1.030726257,U,1,1,1
BC1,3.375,0.737430168,U,1,1,3
F1,2.5625,0.837988827,U,1,1,6
F2,3.125,1.022346369,U,1,3,3
BC2,2.9375,0.536312849,U,1,6,3
P2,2.75,0.955307263,U,1,6,6