cross,mean,SE,sex,environ,sire,dam
P1,3.916666667,1.285714286,U,1,1,1
BC1,3.5,0.704081633,U,1,1,3
F1,2.416666666,0.693877551,U,1,1,6
F2,1.83333333,0.459183673,U,1,3,3
BC2,2.416666666,0.693877551,U,1,6,3
P2,2.5,0.806122449,U,1,6,6