cross,mean,SE,sex,environ,sire,dam
P1,3.28571429,0.99009901,U,1,1,1
BC1,2.57142857,0.693069307,U,1,1,3
F1,3.42857143,0.752475248,U,1,1,6
F2,2.5,0.821782178,U,1,3,3
BC2,2.42857143,0.841584158,U,1,6,3
P2,2.5,1.138613861,U,1,6,6