cross,mean,SE,sex,environ,sire,dam
P1,3.92857143,1.275,U,1,1,1
BC1,2.91857143,0.80625,U,1,1,3
F1,2.57142857,0.890625,U,1,1,6
F2,2.71428571,0.815625,U,1,3,3
BC2,2.21428571,0.46875,U,1,6,3
P2,3.64285714,0.796875,U,1,6,6