cross,mean,SE,sex,environ,sire,dam
P1,4.583333333,1.08361204,U,1,1,1
BC1,2.5,0.451505017,U,1,1,3
F1,2.25,1.033444816,U,1,1,6
F2,2.25,1.033444816,U,1,3,3
BC2,2,0.581939799,U,1,6,3
P2,3.166666667,1.143812709,U,1,6,6