cross,mean,SE,sex,environ,sire,dam
P1,4.14285714,1.128712871,U,1,1,1
BC1,2.5,0.574257426,U,1,1,3
F1,2.57142857,0.930693069,U,1,1,6
F2,2.5,0.554455446,U,1,3,3
BC2,2.35714286,0.673267327,U,1,6,3
P2,2.5,0.801980198,U,1,6,6