cross,mean,SE,sex,environ,sire,dam
P1,3.3333333,1.027972028,U,1,1,1
BC1,3.166666666,0.954545455,U,1,1,3
F1,2.583333333,0.870629371,U,1,1,6
F2,2.33333333,0.84965035,U,1,3,3
BC2,2.333333333,0.618881119,U,1,6,3
P2,2.416666667,0.954545455,U,1,6,6