cross,mean,SE,sex,environ,sire,dam
P1,4.083333333,1.10367893,U,1,1,1
BC1,2.8333333,0.852842809,U,1,1,3
F1,2.5,0.612040134,U,1,1,6
F2,2.8333333,0.622073579,U,1,3,3
BC2,2.583333333,0.732441472,U,1,6,3
P2,3.58333333,0.79264214,U,1,6,6