cross,mean,SE,sex,environ,sire,dam
P1,27.8571429,6.401273885,U,1,1,1
BC1,21.7857143,4.012738854,U,1,1,3
F1,21.7857143,2.388535032,U,1,1,6
F2,13.2142857,2.770700637,U,1,3,3
BC2,24.2857143,3.296178344,U,1,6,3
P2,27.8571429,4.49044586,U,1,6,6