cross,mean,SE,sex,environ,sire,dam
P1,28.33333333,4.576271186,U,1,1,1
BC1,23.3333333,3.559322034,U,1,1,3
F1,22.9166666,2.593220339,U,1,1,6
F2,28.75,2.389830508,U,1,3,3
BC2,23.3333333,2.593220339,U,1,6,3
P2,25,3.508474576,U,1,6,6