cross,mean,SE,sex,environ,sire,dam
P1,35,5.643564356,U,1,1,1
BC1,29.2857143,3.811881188,U,1,1,3
F1,25,4.356435644,U,1,1,6
F2,26.7857143,4.554455446,U,1,3,3
BC2,27.1428571,3.366336634,U,1,6,3
P2,25,3.514851485,U,1,6,6