cross,mean,SE,sex,environ,sire,dam
P1,3.416666666,0.82122905,U,1,1,1
BC1,2.875,0.62849162,U,1,1,3
F1,2.25,1.005586592,U,1,1,6
F2,2.375,0.905027933,U,1,3,3
BC2,2.25,0.770949721,U,1,6,3
P2,2.4375,1.340782123,U,1,6,6