cross,mean,SE,sex,environ,sire,dam
P1,3.28571429,0.993630573,U,1,1,1
BC1,2.57142857,0.707006369,U,1,1,3
F1,3.42857143,0.72611465,U,1,1,6
F2,2.5,0.792993631,U,1,3,3
BC2,2.422857143,0.869426752,U,1,6,3
P2,3.21428571,1.117834395,U,1,6,6