cross,mean,SE,sex,environ,sire,dam
P1,19.863,0.001,F,1,1,1
P2,19.883,0.001,F,1,2,2
F1,19.871,0.001,F,1,1,2
F1R,19.869,0.001,F,1,2,1
F2,19.864,0.001,F,1,3,3
F2R,19.87,0.001,F,1,4,4
BC1,19.86633333,0.001,F,1,1,3
BC2,19.87525,0.001,F,1,2,3