cross,mean,SE,sex,environ,sire,dam
P1,20.819,1.71475,F,1,1,1
P2,54.72725,1.8545,F,1,2,2
F1,37.83861111,1.554272727,F,1,1,2
BC1,30.4475,1.944333333,F,1,1,3
BC2,44.80190909,1.588428571,F,1,2,3