cross,mean,SE,sex,environ,sire,dam
P1,24.31175,0.0945,M,1,1,1
P2,23.39025,0.248,M,1,2,2
F1,23.8677619,0.08475,M,1,1,2
BC1,24.11313333,0.089333333,M,1,1,3
BC2,23.63886667,0.0866,M,1,2,3