cross,mean,SE,sex,environ,sire,dam
P1,25.50025,1.759,M,1,1,1
P2,51.5,1.6665,M,1,2,2
F1,39.64672222,1.825285714,M,1,1,2
BC1,34.46693333,1.69275,M,1,1,3
BC2,45.81233333,1.327,M,1,2,3