cross,mean,SE,sex,environ,sire,dam
P1,39.9075,1.4525,M,1,1,1
P2,10.1285,2.45825,M,1,2,2
F1,25.0618,2.107,M,1,1,2
BC1,32.04942857,1.738111111,M,1,1,3
BC2,17.76814286,1.368625,M,1,2,3