cross,mean,SE,sex,environ,sire,dam
P1,1.844,0.001,M,1,1,1
P2,1.919,0.001,M,1,2,2
F1,1.862,0.001,M,1,1,2
F1R,1.846,0.001,M,1,2,1
F2,1.891,0.001,M,1,3,3
F2R,1.864,0.001,M,1,4,4
BC1,1.829666667,0.001,M,1,1,3
BC2,1.85675,0.001,M,1,2,3