cross,mean,SE,sex,environ,sire,dam
P1,38.813,1.34075,F,1,1,1
P2,6.46025,1.95525,F,1,2,2
F1,24.06426316,2.709375,F,1,1,2
BC1,33.44446667,2.075142857,F,1,1,3
BC2,17.06466667,1.648,F,1,2,3