cross,mean,SE,sex,environ,sire,dam
P1,19.449,0.001,F,1,1,1
P2,19.929,0.001,F,1,2,2
F1,19.904,0.001,F,1,1,2
F1R,19.718,0.001,F,1,2,1
F2,19.846,0.001,F,1,3,3
F2R,19.917,0.001,F,1,4,4
BC1,19.59633333,0.001,F,1,1,3
BC2,19.78225,0.001,F,1,2,3