cross,mean,SE,sex,environ,sire,dam
P1,0.89,0.001,U,1,1,1
P2,0.839,0.001,U,1,2,2
F1,0.867,0.001,U,1,1,2
F1R,0.898,0.001,U,1,2,1
F2,0.959,0.001,U,1,3,3
F2R,0.94,0.001,U,1,4,4
BC1,0.93125,0.001,U,1,1,3
BC2,0.950333333,0.001,U,1,2,3