cross,mean,SE,sex,environ,sire,dam
P1,24.20575,0.071,F,1,1,1
P2,23.63925,0.07475,F,1,2,2
F1,23.97345,0.078666667,F,1,1,2
BC1,24.17073333,0.067,F,1,1,3
BC2,23.83826667,0.06675,F,1,2,3