cross,mean,SE,sex,environ,sire,dam
P1,1.981,0.001,F,1,1,1
P2,2.05,0.001,F,1,2,2
F1,2.044,0.001,F,1,1,2
F1R,2.054,0.001,F,1,2,1
F2,1.999,0.001,F,1,3,3
F2R,2.033,0.001,F,1,4,4
BC1,2.020666667,0.001,F,1,1,3
BC2,2.054333333,0.001,F,1,2,3