cross,mean,SE,sex,environ,sire,dam
P1,1.866,0.001,M,1,1,1
P2,1.893,0.001,M,1,2,2
F1,1.894,0.001,M,1,1,2
F1R,1.86,0.001,M,1,2,1
F2,1.893,0.001,M,1,3,3
F2R,1.912,0.001,M,1,4,4
BC1,1.87475,0.001,M,1,1,3
BC2,1.88575,0.001,M,1,2,3