cross,mean,SE,sex,environ,sire,dam
P1,26,9.69924812,F,1,1,1
P2,105,9.69924812,F,1,2,2
F1,23,11.27819549,F,1,2,1
rF1,22.5,11.05263158,F,1,1,2
F2,12,9.92481203,F,1,3,3
rF2,23,17.59398496,F,1,4,4