cross,mean,SE,sex,environ,sire,dam
P1,0.059375,0.018129771,U,1,1,1
P2,0.0671875,0.007442748,U,1,2,2
F1,0.05625,0.009351145,U,1,1,2
F2,0.053125,0.009160305,U,1,3,3
