cross,mean,SE,sex,environ,sire,dam
P1,0.0328125,0.007061069,U,1,1,1
P2,0.0359375,0.008969466,U,1,2,2
F1,0.0390625,0.012022901,U,1,1,2
F2,0.028125,0.007824427,U,1,3,3
