cross,mean,SE,sex,environ,sire,dam
P1,0.765,0.025958702,F,1,,
BC1,0.66,0.037758112,F,1,,
rBC1,0.66,0.037758112,F,1,,
F1,0.67,0.028318584,F,1,,
rF1,0.614,0.014749263,F,1,,
F2,0.57,0.029498525,F,1,,
rBC2,0.56,0.049557522,F,1,,
BC2,0.51,0.038938053,F,1,,
P2,0.415,0.035988201,F,1,,