cross,mean,SE,sex,environ,sire,dam
P1,0.72,0.023943662,F,1,,
BC1,0.64,0.046478873,F,1,,
rBC1,0.685,0.028169014,F,1,,
F1,0.625,0.035211268,F,1,,
rF1,0.58,0.03943662,F,1,,
F2,0.6,0.016197183,F,1,,
rBC2,0.5,0.046478873,F,1,,
BC2,0.515,0.046478873,F,1,,
P2,0.38,0.035211268,F,1,,