cross,mean,SE,sex,environ,sire,dam
P1,0.74,0.015873016,F,1,,
BC1,0.7,0.029206349,F,1,,
rBC1,0.7,0.029206349,F,1,,
F1,0.65,0.031746032,F,1,,
rF1,0.7,0.015873016,F,1,,
F2,0.71,0.038095238,F,1,,
rBC2,0.535,0.050793651,F,1,,
BC2,0.535,0.050793651,F,1,,
P2,0.445,0.033650794,F,1,,