cross,mean,SE,sex,environ,sire,dam
P1,0.74375,0.00169863,F,1,,
BC1,0.75,0.00169863,F,1,,
rBC1,0.725,0.00169863,F,1,,
F1,0.65,0.003835616,F,1,,
rF1,0.625,0.00169863,F,1,,
F2,0.6125,0.002958904,F,1,,
rBC2,0.5,0.00169863,F,1,,
BC2,0.4625,0.003945205,F,1,,
P2,0.33125,0.002849315,F,1,,