cross,mean,SE,sex,environ,sire,dam
P1,36.9,3.981157543,F,1,2,1
P1,36.2,5.877347555,M,1,2,1
F1,112.6,8.564620673,F,1,2,8
F1,78.7,6.764633261,M,1,2,8
F1r,106.3,7.707463915,F,1,7,1
F1r,64.7,7.137183894,M,1,7,1
P2,116.5,7.762065136,M,1,7,8
P2,164.3,15.21438713,F,1,7,8