cross,mean,SE,sex,environ,sire,dam
P1,0.275,0.059042553,U,2006,1,1
BC1,0.425,0.014361702,U,2006,3,1
F1,0.66875,0.046276596,U,2006,5,1
BC2,0.45625,0.019148936,U,2006,3,5
P2,0.33125,0.060638298,U,2006,5,5
P1,0.425,0.053289474,U,2007,6,6
BC1,0.5625,0.013815789,U,2007,8,6
F1,0.88125,0.045394737,U,2007,10,6
BC2,0.63125,0.015789474,U,2007,8,10
P2,0.74375,0.057236842,U,2007,10,10