cross,mean,SE,sex,environ,sire,dam
P1,1.2625,0.042857143,U,2006,1,1
BC1,1.371875,0.017857143,U,2006,3,1
F1,1.3875,0.021428571,U,2006,5,1
BC2,1.4,0.017857143,U,2006,3,5
P2,1.66875,0.05,U,2006,5,5
P1,1.321428571,0.026041667,U,2007,6,6
BC1,1.357142857,0.026041667,U,2007,8,6
F1,1.32142857,0.026041667,U,2007,10,6
BC2,1.464285714,0.026041667,U,2007,8,10
P2,1.892957143,0.026041667,U,2007,10,10