cross,mean,SE,sex,environ,sire,dam
P1,0.6125,0.119298246,U,2006,1,1
BC1,0.54375,0.026315789,U,2006,3,1
F1,0.78125,0.061403509,U,2006,5,1
BC2,0.375,0.026315789,U,2006,3,5
P2,0.23125,0.124561404,U,2006,5,5
P1,0.906666667,0.09704142,U,2007,6,6
BC1,0.68,0.021301775,U,2007,8,6
F1,0.96,0.04260355,U,2007,10,6
BC2,0.8,0.021301775,U,2007,8,10
P2,0.78,0.056804734,U,2007,10,10