cross,mean,SE,sex,environ,sire,dam
P1,93.75,2.592592593,U,1,1,1
BC1,82.5,2.222222222,U,1,1,3
F1,78.75,2.222222222,U,1,1,6
F2,76.25,4.074074074,U,1,3,3
BC2,77.5,3.333333333,U,1,6,3
P2,87.5,4.444444444,U,1,6,6