cross,mean,SE,sex,environ,sire,dam
P1,0.409,0.02406639,U,1,1,1
P2,0.064,0.017012448,U,1,2,2
F1,0.259,0.017427386,U,1,2,1
F2,0.26,0.015767635,U,1,3,3
BC1,0.296,0.026141079,U,1,3,1
BC2,0.111,0.018672199,U,1,3,2