cross,mean,SE,sex,environ,sire,dam
P1,24.156,0.272373541,U,1,1,1
P2,18.239,0.287937743,U,1,2,2
F1,21.029,0.241245136,U,1,2,1
F2,21.177,0.171206226,U,1,3,3
BC1,23.244,0.412451362,U,1,3,1
BC2,19.706,0.326848249,U,1,3,2