cross,mean,SE,sex,environ,sire,dam
P1,-0.0306,0.019620253,U,1,1,1
P2,0.0299,0.02721519,U,1,2,2
F1,0.03,0.021940928,U,1,2,1
F2,0.0034,0.009704641,U,1,3,3
BC1,-0.0424,0.011181435,U,1,3,1
BC2,-0.0322,0.031012658,U,1,3,2