cross,mean,SE,sex,environ,sire,dam
P1,3.75,0.238095238,U,2006,1,1
BC1,3.8333333,0.05952381,U,2006,3,1
F1,5.083333333,0.202380952,U,2006,5,1
BC2,3.83333333,0.095238095,U,2006,3,5
P2,3.83333333,0.25,U,2006,5,5
P1,6.6,0.5,U,2007,6,6
BC1,7.6,0.15625,U,2007,8,6
F1,13.2,0.4375,U,2007,10,6
BC2,7,0.15625,U,2007,8,10
P2,6.9,0.4375,U,2007,10,10