cross,mean,SE,sex,environ,sire,dam
P1,5.7,0.08018,U,1,1,1
P2,7.4,0.12247,U,1,2,2
F1,7.1,0.07811,U,1,1,2
F2,7,0.04636,U,1,3,3
BC1,6.1,0.08742,U,1,1,3
BC2,7.3,0.12339,U,1,2,3