cross,mean,SE,sex,environ,sire,dam
P1,0.00875,0.062162162,U,2006,1,1
BC1,0.0125,0.027027027,U,2006,3,1
F1,0.605,0.091891892,U,2006,5,1
BC2,0.015,0.035135135,U,2006,3,5
P2,0.805,0.105405405,U,2006,5,5
P1,0.1,0.013235294,U,2007,6,6
BC1,0.0575,0.004963235,U,2007,8,6
F1,0.2375,0.012132353,U,2007,10,6
BC2,0.06,0.004963235,U,2007,8,10
P2,0.09,0.014338235,U,2007,10,10