cross,mean,SE,sex,environ,sire,dam
P1,1,1.4,U,1,1,1
P2,41,9.96742671,U,1,2,2
F1,31,17.00325733,U,1,1,2
F2,1,1.4,U,1,3,3
BC1,1,1.4,U,1,1,3
BC2,21,7.035830619,U,1,2,3