cross,mean,SE,sex,environ,sire,dam
P1,3.425,0.169014085,U,2006,1,1
BC1,2.975,0.035211268,U,2006,3,1
F1,3.1,0.084507042,U,2006,5,1
BC2,2.875,0.049295775,U,2006,3,5
P2,3.45,0.176056338,U,2006,5,5
P1,3.275,0.035211268,U,2007,6,6
BC1,0.075,0.084507042,U,2007,8,6
F1,3.65,0.035211268,U,2007,10,6
BC2,3.375,0.11971831,U,2007,8,10
P2,3.575,0.035211268,U,2007,10,10