cross,mean,SE,sex,environ,sire,dam
P1,0.04375,0.009541985,U,1,1,1
P2,0.0265625,0.011259542,U,1,2,2
F1,0.0578125,0.004770992,U,1,1,2
F2,0.0421875,0.008778626,U,1,3,3
