cross,mean,SE,sex,environ,sire,dam
P1,0.0796875,0.007061069,U,1,1,1
P2,0.078125,0.014122137,U,1,2,2
F1,0.0765625,0.006679389,U,1,1,2
F2,0.0734375,0.010305344,U,1,3,3
