cross,mean,SE,sex,environ,sire,dam
P1,19.03,0.865401641,F,1,1,1
P2,20.56,0.701493424,F,1,2,2
F1 (P1xP2),23.9,0.589105391,F,1,1,2
F1r (P2xP1),23.1,0.912394934,F,1,2,1
