cross,mean,SE,sex,environ,sire,dam
P1,22.33,1.09327163,F,1,1,1
P2,23.48,0.456737916,F,1,2,2
F1 (P1xP2),21.45,0.491734176,F,1,1,2
F1r (P2xP1),19.87,1.013380052,F,1,2,1
