cross,mean,SE,sex,environ,sire,dam
P1,22.3,0.910079667,F,1,,
P2,19.4,0.952564958,F,1,,
F1 (P1xP2),17.51,0.475795539,F,1,,
F1r (P2xP1),17.25,0.902228722,F,1,,
BC1 (P1xF1p),14.84,0.50130027,F,1,,
BC1r (F1pxP1),14.18,0.537707552,F,1,,
BC2  (P2xF1p),15.38,0.702864141,F,1,,
BC2r (F1pxP2),16.66,0.59538391,F,1,,