cross,mean,SE,sex,environ,sire,dam
P1,0.026666667,0.08974359,U,2006,1,1
BC1,0.053,0.027777778,U,2006,3,1
F1,0.092,0.083333333,U,2006,5,1
BC2,0.055,0.02991453,U,2006,3,5
P2,0.065,0.08974359,U,2006,5,5
P1,0.15,0.0325,U,2007,6,6
BC1,0.21875,0.01125,U,2007,8,6
F1,0.40625,0.02875,U,2007,10,6
BC2,0.2125,0.01,U,2007,8,10
P2,0.54375,0.0325,U,2007,10,10