cross,mean,SE,sex,environ,sire,dam
P1,82,20.68965517,F,1,1,1
P2,164,20.34482759,F,1,2,2
F1,84,23.10344828,F,1,2,1
rF1,122,27.24137931,F,1,1,2
F2,86,20.34482759,F,1,3,3
rF2,73,37.24137931,F,1,4,4