cross,mean,SE,sex,environ,sire,dam
P1,1.744,0.014644351,U,1,1,1
P2,0.087,0.09623431,U,1,2,2
F1,1.487,0.048117155,U,1,2,1
F2,1.191,0.081589958,U,1,3,3
BC1,1.557,0.081589958,U,1,3,1
BC2,0.99,0.173640167,U,1,3,2