cross,mean,SE,sex,environ,sire,dam
P1,33.625,2.31407,U,1,1,1
P2,42.5,4.31774,U,1,2,2
F1,44.8,6.9383,U,1,2,1
rF1,37.25,8.22977,U,1,1,2
F2a,23.85714,4.52205,U,1,3,3
rF2b,25.85714,2.88203,U,1,3,4
F2b,33.25,5.46008,U,1,4,3
F2c,24.125,3.2811,U,1,4,4
BC1a,35.125,6.18303,U,1,3,1
BC1b,54.66667,6.55574,U,1,4,1
rBC1a,43.5,7.23303,U,1,1,3
rBC1b,43.125,5.65824,U,1,1,4
rBC2a,19.2,4.16413,U,1,3,2
rBC2b,13,2.94958,U,1,4,2
BC2a,47.66667,11.06245,U,1,2,3
BC2b,47.66667,11.2002,U,1,2,4