cross,mean,SE,sex,environ,sire,dam
P1,39,4.48702,U,1,1,1
P2,37.88889,6.700351,U,1,2,2
F1,52.375,4.75446,U,1,2,1
rF1,46.57143,5.20466,U,1,1,2
F2a,16.25,2.04197,U,1,3,3
rF2b,28.25,3.84406,U,1,3,4
F2b,32,4.21731,U,1,4,3
F2c,19,3.0531,U,1,4,4
BC1a,35.42857,7.60594,U,1,3,1
BC1b,45.125,2.77384,U,1,4,1
rBC1a,41.66667,5.30199,U,1,1,3
rBC1b,47.75,8.17389,U,1,1,4
rBC2a,12.57143,2.81879,U,1,3,2
rBC2b,10.25,1.44852,U,1,4,2
BC2a,55.375,5.4476,U,1,2,3
BC2b,50,5.23041,U,1,2,4