cross,mean,SE,sex,environ,sire,dam
P1,12.32,0.000929981,U,1,1,1
P2,10.55,0.00145865,U,1,2,2
F1,11.4,0.014981655,U,1,1,2
F2,11.42,0.015565407,U,1,1,2
BC1,11.95,0.015384383,U,1,3,1
BC2,10.92,0.008951068,U,1,3,2