cross,mean,SE,sex,environ,sire,dam
P1,10.87,0.003428638,U,1,1,1
P2,12.36,0.02078461,U,1,2,2
F1,11.4,0.001299038,U,1,1,2
F2,11.58,0.013619459,U,1,1,2
BC1,11.21,0.002875,U,1,3,1
BC2,11.85,0.01926835,U,1,3,2