cross,mean,SE,sex,environ,sire,dam
P1,12.53,0.009930425,U,1,1,1
P2,10.87,0.003428638,U,1,2,2
F1,11.39,0.001837117,U,1,1,2
F2,11.47,0.011387324,U,1,1,2
BC1,11.85,0.027876314,U,1,3,1
BC2,11.22,0.006573757,U,1,3,2