cross,mean,SE,sex,environ,sire,dam
P1,10.55,0.00145865,U,1,1,1
P2,12.4,0.003719924,U,1,2,2
F1,11.47,0.001838478,U,1,1,2
F2,11.55,0.018768278,U,1,1,2
BC1,11.07,0.011155748,U,1,3,1
BC2,11.93,0.016855908,U,1,3,2