cross,mean,SE,sex,environ,sire,dam
P1,12.53,0.009930425,U,1,1,1
P2,12.36,0.02078461,U,1,2,2
F1,12.44,0.020142857,U,1,1,2
F2,12.28,0.013241694,U,1,1,2
BC1,12.34,0.014182212,U,1,3,1
BC2,12.41,0.02263254,U,1,3,2