cross,mean,SE,sex,environ,sire,dam
P1,12.32,0.000929981,U,1,1,1
P2,12.4,0.275274409,U,1,2,2
F1,12.34,0.001876388,U,1,1,2
F2,12.31,0.003930337,U,1,1,2
BC1,12.3,0.001805788,U,1,3,1
BC2,12.37,0.004900437,U,1,3,2