cross,mean,SE,sex,environ,sire,dam
P1,13.052,0.344311377,U,1,1,1
P2,1.25,0.329341317,U,1,2,2
F1,9.256,0.344311377,U,1,2,1
F2,8.613,0.344311377,U,1,3,3
BC1,11.338,0.733532934,U,1,3,1
BC2,5.388,0.943113772,U,1,3,2