cross,mean,SE,sex,environ,sire,dam
P1,0.597222222,0.043956044,E,1,1,1
P2,0.44444444,0.120879121,E,1,2,2
F1,0.847222222,0.103021978,E,1,2,1
rF1,0.94444444,0.038461538,E,1,1,2
