cross,mean,SE,sex,environ,sire,dam
P1,0.33,0.00728,U,1,1,1
P2,0.83,0.01789,U,1,2,2
F1,0.48,0.01565,U,1,1,2
F2,0.4,0.0107,U,1,3,3
BC1P1,0.31,0.01784,U,1,1,3
BC1P2,0.5,0.01739,U,1,2,3