cross,mean,SE,sex,environ,sire,dam
P1,0.31,0.00485,U,1,1,1
P2,0.45,0.00707,U,1,2,2
F1,0.46,0.0115,U,1,1,2
F2,0.37,0.00658,U,1,3,3
BC1P1,0.29,0.0127,U,1,1,3
BC1P2,0.33,0.0122,U,1,2,3