cross,mean,SE,sex,environ,sire,dam
P1,1.1,0.00485,U,1,1,1
P2,0.91,0.011785,U,1,2,2
F1,0.9,0.0091766,U,1,1,2
F2,0.94,0.0043876,U,1,3,3
BC1P1,1.02,0.00565685,U,1,1,3
BC1P2,0.93,0.0068041,U,1,2,3