cross,mean,SE,sex,environ,sire,dam
P1,1.09,0.0097,U,1,1,1
P2,0.89,0.00671,U,1,2,2
F1,0.91,0.00671,U,1,1,2
F2,0.98,0.006445,U,1,3,3
BC1P1,1.03,0.0129777,U,1,1,3
BC1P2,0.91,0.01106797,U,1,2,3