cross,mean,SE,sex,environ,sire,dam
P1,38.81,0.941811,U,1,,
P2,99.16,2.6769,U,1,,
F1,71.21,2.2323,U,1,,
rF1,53.24,1.910299,U,1,,
F2,67.52,1.6785,U,1,,