cross,mean,SE,sex,environ,sire,dam
P1,97.7,1.368448,U,1,,
P2,93.8,1.506436,U,1,,
F1,97.5,1.488473,U,1,,
rF1,93.1,1.280267,U,1,,
F2,90.1,0.663907,U,1,,