cross,mean,SE,sex,environ,sire,dam
P1,144.4,1.18652,U,1,,
P2,192.6,2.00867,U,1,,
F1,174.01,1.76983,U,1,,
rF1,155.6,1.79937,U,1,,
F2,169.4,1.39136,U,1,,