cross,mean,SE,sex,environ,sire,dam
P1,1.62,0.054271,U,1,,
P2,1.11,0.045033,U,1,,
F1,1.69,0.053116,U,1,,
rF1,1.13,0.040415,U,1,,
F2,1.13,0.018694,U,1,,