cross,mean,SE,sex,environ,sire,dam
P1,5.26,0.248261,U,1,,
P2,4.5,0.23325,U,1,,
F1,5.63,0.241332,U,1,,
rF1,4.92,0.249415,U,1,,
F2,4.33,0.112162,U,1,,