cross,mean,SE,sex,environ,sire,dam
P1,129.6,1.218182,U,1,,
P2,168.7,2.612261,U,1,,
F1,153.8,2.185685,U,1,,
rF1,142.8,2.446224,U,1,,
F2,153.4,1.341093,U,1,,