cross,mean,SE,sex,environ,sire,dam
P1,12.04,0.374772,U,1,,
P2,12.3,0.498063,U,1,,
F1,13.16,0.454789,U,1,,
rF1,10.38,0.369056,U,1,,
F2,9.7,0.200409,U,1,,