cross,mean,SE,sex,environ,sire,dam
P1,98.72,3.131944,U,1,,
P2,243.4,5.938824,U,1,,
F1,185,4.922474,U,1,,
rF1,140.59,4.147782,U,1,,
F2,183.04,2.666416,U,1,,