cross,mean,SE,sex,environ,sire,dam
P1,230.2,3.09764,U,1,,
P2,293.3,2.085253,U,1,,
F1,275.9,2.215061,U,1,,
rF1,255,2.231439,U,1,,
F2,282.6,1.167275,U,1,,