cross,mean,SE,sex,environ,sire,dam
P1,195.3,2.119949,U,1,,
P2,260.3,1.941765,U,1,,
F1,241.5,2.015301,U,1,,
rF1,218.6,1.995761,U,1,,
F2,241.7,1.044738,U,1,,