cross,mean,SE,sex,environ,sire,dam
P1,27.49,0.803636,U,1,,
P2,58.75,2.460083,U,1,,
F1,44.87,1.861819,U,1,,
rF1,39.03,2.060021,U,1,,
F2,45.85,1.173243,U,1,,