cross,mean,SE,sex,environ,sire,dam
P1,125,1.126043,U,1,,
P2,161.5,2.2421,U,1,,
F1,145.5,2.051357,U,1,,
rF1,131.9,1.868333,U,1,,
F2,138.7,1.162132,U,1,,