cross,mean,SE,sex,environ,sire,dam
P1,158.5,6.181392,U,1,,
P2,338.43,7.270542,U,1,,
F1,268.52,6.441664,U,1,,
rF1,212.02,5.699609,U,1,,
F2,282.03,3.630214,U,1,,