cross,mean,SE,sex,environ,sire,dam
P1,69.1,1.408735,U,1,,
P2,68.4,1.207817,U,1,,
F1,71.9,1.169712,U,1,,
rF1,66.1,1.322132,U,1,,
F2,64,0.656089,U,1,,