cross,mean,SE,sex,environ,sire,dam
P1,24.23,0.67836,U,1,1,1
P2,48.92,1.683616,U,1,2,2
F1,36.67,1.36566,U,1,1,2
rF1,28.82,1.319167,U,1,2,1
F2,33.68,0.797843,U,1,3,3