cross,mean,SE,sex,environ,sire,dam
P1,49.5,0.525389,U,1,,
P2,44.5,0.575041,U,1,,
F1,50.8,0.434167,U,1,,
rF1,45.2,0.510378,U,1,,
F2,45.3,0.214676,U,1,,