cross,mean,SE,sex,environ,sire,dam
P1,5.9375,0.526717557,U,1,1,1
F1a,6,0.469465649,U,1,1,6
F1b,5.125,0.606870229,U,1,1,6
F2a,5.375,0.515267176,U,1,2,2
F2b,5,0.492366412,U,1,3,3
P2,4.625,0.583969466,U,1,6,6