cross,mean,SE,sex,environ,sire ,dam
P1,0.465,0.009047619,U,1,1,1
BC1,0.485,0.006190476,U,1,1,3
F1a,0.465,0.008571429,U,1,1,8
F1b,0.495,0.008571429,U,1,1,8
F2a,0.475,0.005714286,U,1,3,3
F2b,0.48,0.005714286,U,1,4,4
BC2,0.46,0.005714286,U,1,8,3
P2,0.475,0.008571429,U,1,8,8