cross,mean,SE,sex,environ,sire,dam
P1,7.75,0.435897436,U,1,1,1
BC1,8.25,0.307692308,U,1,1,3
F1a,7.9375,0.58974359,U,1,1,8
F1b,6.625,0.935897436,U,1,1,8
F2a,8.875,0.282051282,U,1,3,3
F2b,7.375,0.435897436,U,1,4,4
BC2,7.1875,0.371794872,U,1,8,3
P2,6.6875,0.474358974,U,1,8,8