cross,mean,SE,sex,environ,sire ,dam
P1,0.49,0.011627907,U,1,1,1
F1a,0.485,0.011046512,U,1,1,6
F1b,0.5025,0.011046512,U,1,1,6
F2a,0.505,0.00872093,U,1,2,2
F2b,0.515,0.009883721,U,1,3,3
P2,0.505,0.011046512,U,1,6,6