cross,mean,SE,sex,environ,sire ,dam
P1,0.46875,0.007692308,U,1,1,1
BC1,0.46875,0.005494505,U,1,1,3
F1a,0.43125,0.007142857,U,1,1,8
F1b,0.35625,0.007142857,U,1,1,8
F2a,0.45,0.006043956,U,1,3,3
F2b,0.43125,0.006043956,U,1,4,4
BC2,0.4,0.005494505,U,1,8,3
P2,0.44375,0.007692308,U,1,8,8