cross,mean,SE,sex,environ,sire,dam
P1,7.8125,0.41221374,U,1,1,1
BC1,7.375,0.320610687,U,1,1,3
F1a,7.875,0.41221374,U,1,1,8
F1b,7.625,0.377862595,U,1,1,8
F2a,6.375,0.309160305,U,1,3,3
F2b,7.625,0.27480916,U,1,4,4
BC2,7.75,0.297709924,U,1,8,3
P2,6.875,0.366412214,U,1,8,8