cross,mean,SE,sex,environ,sire,dam
P1,5.875,0.525641026,U,1,1,1
F1a,7.4375,0.730769231,U,1,1,6
F1b,6.1875,0.961538462,U,1,1,6
F2a,6.375,1.025641026,U,1,2,2
F2b,5.125,0.602564103,U,1,3,3
P2,6.5,0.448717949,U,1,6,6