cross,mean,SE,sex,environ,sire ,dam
P1,0.471875,0.008139535,U,1,1,1
BC1,0.46875,0.005813953,U,1,1,3
F1a,0.459375,0.008139535,U,1,1,8
F1b,0.3625,0.008139535,U,1,1,8
F2a,0.46875,0.005232558,U,1,3,3
F2b,0.4375,0.005232558,U,1,4,4
BC2,0.409375,0.006976744,U,1,8,3
P2,0.44375,0.009883721,U,1,8,8