cross,mean,SE,sex,environ,sire,dam
P1,94.42,0.13,F,1,1,1
P2,94.21,0.123624,F,1,2,2
F1,93.58,0.277128,F,1,1,2
rF1,93.55,0.298496,F,1,2,1
F2,93.11,0.435,F,1,3,3
rF2,93.54,0.352235,F,1,4,4
BC1,94.59,0.19799,F,1,1,3
BC2,93.53,0.209844,F,1,2,5