cross,mean,SE,sex,environ,sire,dam
P1,205.75,0.46875,F,1,1,1
F1,208.75,0.6640625,F,1,6,1
rF1,211.25,0.5078125,F,1,1,6
F2,212.75,0.7421875,F,1,2,2
rF2,212.25,1.6796875,F,1,3,3
P2,218.75,1.6015625,F,1,6,6