cross,mean,SE,sex,environ,sire,dam
P1,43.75,4.615384615,F,1,1,1
F1,75,5.192307692,F,1,6,1
rF1,71.875,6.346153846,F,1,1,6
F2,143.75,8.653846154,F,1,2,2
rF2,90.625,8.076923077,F,1,3,3
P2,162.5,18.46153846,F,1,6,6