cross,mean,SE,sex,environ,sire,dam
P1,17.2,0.59375,F,1,1,1
F1,13.8,1.25,F,1,6,1
rF1,13.5,1.25,F,1,1,6
F2,8.6,1.4375,F,1,2,2
rF2,13.8,1.03125,F,1,3,3
P2,1.8,0.375,F,1,6,6