cross,mean,SE,sex,environ,sire,dam
P1,0.20625,0.00952381,M,1,1,1
F1,0.35625,0.00952381,M,1,6,1
rF1,0.3,0.00952381,M,1,1,6
F2,0.3375,0.008333333,M,1,2,2
rF2,0.325,0.013095238,M,1,3,3
P2,0.44375,0.017857143,M,1,6,6