cross,mean,SE,sex,environ,sire,dam
P1,18.75,0.472440945,M,1,1,1
F1,96.875,0.472440945,M,1,6,1
rF1,62.5,0.767716535,M,1,1,6
F2,93.75,0.708661417,M,1,2,2
rF2,81.25,0.590551181,M,1,3,3
P2,193.75,1.417322835,M,1,6,6