cross,mean,SE,sex,environ,sire,dam
P1,209.75,0.357142857,M,1,1,1
F1,213.5,0.714285714,M,1,6,1
rF1,215.75,0.515873016,M,1,1,6
F2,217,0.793650794,M,1,2,2
rF2,216.75,1.666666667,M,1,3,3
P2,222.75,1.26984127,M,1,6,6