cross,mean,SE,sex,environ,sire,dam
P1,0.41875,0.053921569,U,2006,1,1
BC1,0.334375,0.011764706,U,2006,3,1
F1,0.25,0.02745098,U,2006,5,1
BC2,0.359375,0.01372549,U,2006,3,5
P2,0.35625,0.056862745,U,2006,5,5
P1,0.2025,0.022972973,U,2007,6,6
BC1,0.2175,0.005405405,U,2007,8,6
F1,0.26,0.010810811,U,2007,10,6
BC2,0.2475,0.008108108,U,2007,8,10
P2,0.29,0.014864865,U,2007,10,10