cross,mean,SE,sex,environ,sire,dam
P1,13.6,1.105263158,F,1,1,1
P2,13.9,1.060150376,F,1,2,2
F1,11.75,1.105263158,F,1,2,1
rF1,10.15,1.04887218,F,1,1,2
F2,13.45,1.071428571,F,1,3,3
rF2,12.7,1.838345865,F,1,4,4