cross,mean,SE,sex,environ,sire,dam
P1,0.973,0.019827667,F,1,1,1
P2,1.031,0.007627128,F,1,2,2
F1 (P1xP2),0.992,0.008291562,F,1,1,2
F1r (P2xP1),0.934,0.026010487,F,1,2,1
