cross,mean,SE,sex,environ,sire,dam
P1,1.005,0.010002083,F,1,,
P2,0.983,0.016203254,F,1,,
F1 (P1xP2),0.91,0.011205589,F,1,,
F1r (P2xP1),0.885,0.0222,F,1,,
BC1 (P1xF1p),0.825,0.013049254,F,1,,
BC1r (F1pxP1),0.8,0.014422205,F,1,,
BC2  (P2xF1p),0.854,0.014849242,F,1,,
BC2r (F1pxP2),0.893,0.013461335,F,1,,