cross,mean,SE,sex,environ,sire,dam
P1,-0.103627826,0.24410431,F,1,2,1
P1,0.058054762,0.234410863,M,1,2,1
P2,-0.573675714,0.122401699,F,1,4,3
P2,-0.602168333,0.202264792,M,1,4,3
rF1,1.268675,0.057045,U,1,2,3
F2c,0.92514,0.066853329,U,1,5,5
BC1b,0.403413333,0.401932682,F,1,5,1
BC1b,0.781806667,0.210338507,M,1,5,1