cross,mean,SE,sex,environ,sire,dam
P1,1.743478261,0.020094723,F,1,2,1
P1,1.71952381,0.010767592,M,1,2,1
P2,1.735714286,0.012697421,F,1,4,3
P2,1.695,0.015864005,M,1,4,3
rF1,1.67,0.02,U,1,2,3
F2c,1.636666667,0.017638342,U,1,5,5
BC1b,1.743333333,0.046666667,F,1,5,1
BC1b,1.676666667,0.023333333,M,1,5,1