cross,mean,SE,sex,environ,sire,dam
P1,0.219824783,0.314126381,F,1,2,1
P1,0.202579048,0.245844313,M,1,2,1
P2,0.98348,0.421441283,F,1,4,3
P2,-0.366285,0.553911146,M,1,4,3
rF1,-0.67578,0.20409,U,1,2,3
F2c,1.266286667,0.497381052,U,1,5,5
BC1b,7.33E-05,0.577747879,F,1,5,1
BC1b,0.095463333,0.649111667,M,1,5,1