cross,mean,SE,sex,environ,sire,dam
P1,0.411673478,0.13990944,F,1,2,1
P1,0.231718571,0.164713977,M,1,2,1
P2,-0.883484286,0.145906224,F,1,4,3
P2,-0.665731667,0.292396276,M,1,4,3
rF1,-0.650305,0.025135,U,1,2,3
F2c,-0.80198,0.837029104,U,1,5,5
BC1b,-1.551746667,0.249620928,F,1,5,1
BC1b,-0.595156667,0.446504525,M,1,5,1