cross,mean,SE,sex,environ,sire,dam
P1,0.631666522,0.243876438,F,1,2,1
P1,0.066909524,0.199984495,M,1,2,1
P2,-0.548354286,0.193602683,F,1,4,3
P2,-0.946556667,0.204094163,M,1,4,3
rF1,-0.355065,0.030855,U,1,2,3
F2c,0.25739,0.352666843,U,1,5,5
BC1b,-0.920346667,0.13394808,F,1,5,1
BC1b,0.085926667,0.169328492,M,1,5,1