cross,mean,SE,sex,environ,sire,dam
P1,0.494545652,0.135681066,F,1,2,1
P1,0.55114381,0.161875985,M,1,2,1
P2,0.02149,0.163482869,F,1,4,3
P2,0.529838333,0.388830946,M,1,4,3
rF1,-0.033225,0.284545,U,1,2,3
F2c,0.484656667,0.089436318,U,1,5,5
BC1b,-0.412486667,0.239491266,F,1,5,1
BC1b,0.409633333,0.410944956,M,1,5,1