cross,mean,SE,sex,environ,sire,dam
P1,0.68697913,0.289647875,F,1,2,1
P1,-0.069274286,0.241307545,M,1,2,1
P2,-1.208721429,0.190598187,F,1,4,3
P2,-1.338148333,0.16843638,M,1,4,3
rF1,-0.608015,0.519185,U,1,2,3
F2c,0.469643333,0.188132333,U,1,5,5
BC1b,-1.08832,0.256034534,F,1,5,1
BC1b,-0.3168,0.394379844,M,1,5,1