cross,mean,SE,sex,environ,sire,dam
P1,-0.115971304,0.170345314,F,1,2,1
P1,0.233766667,0.127852703,M,1,2,1
P2,-0.4462,0.121733008,F,1,4,3
P2,0.112278333,0.230320124,M,1,4,3
rF1,-0.02026,0.68448,U,1,2,3
F2c,0.395583333,0.58066966,U,1,5,5
BC1b,-0.362273333,0.423222883,F,1,5,1
BC1b,-6.67E-05,0.258651206,M,1,5,1