cross,mean,SE,sex,environ,sire,dam
P1,-0.577913913,0.169929883,F,1,2,1
P1,-0.008082381,0.225311758,M,1,2,1
P2,-0.774625714,0.41140008,F,1,4,3
P2,-0.361193333,0.457767601,M,1,4,3
rF1,-1.90014,0.65535,U,1,2,3
F2c,-2.457466667,0.396857921,U,1,5,5
BC1b,-0.64725,0.154818091,F,1,5,1
BC1b,-0.26566,0.428140339,M,1,5,1