cross,mean,SE,sex,environ,sire,dam
P1,0.669285217,0.162045895,F,1,2,1
P1,0.372347619,0.147589812,M,1,2,1
P2,-0.828688571,0.132164049,F,1,4,3
P2,-0.827156667,0.174489616,M,1,4,3
rF1,-0.20154,0.17553,U,1,2,3
F2c,0.1999,0.263188438,U,1,5,5
BC1b,0.29134,0.280870885,F,1,5,1
BC1b,0.052156667,0.141851998,M,1,5,1