cross,mean,SE,sex,environ,sire,dam
P1,0.122137826,0.16543471,F,1,2,1
P1,0.587324286,0.126307138,M,1,2,1
P2,0.797671429,0.149995017,F,1,4,3
P2,0.888855,0.181828976,M,1,4,3
rF1,-2.044285,0.184405,U,1,2,3
F2c,0.767396667,0.282093486,U,1,5,5
BC1b,0.369246667,0.561519108,F,1,5,1
BC1b,0.427826667,0.13477485,M,1,5,1