cross,mean,SE,sex,environ,sire,dam
P1,4,1.373239437,U,1,1,1
BC1,4.8,0.496478873,U,1,1,3
F1,3.7,1.838028169,U,1,1,6
F2,4.7,0.602112676,U,1,3,3
BC2,4.55,0.992957746,U,1,6,3
P2,3.6,1.373239437,U,1,6,6