cross,mean,SE,sex,environ,sire,dam
P1,6,2.26056338,U,1,1,1
BC1,7,1.584507042,U,1,1,3
F1,6.6,1.964788732,U,1,1,6
F2,7,3.718309859,U,1,3,3
BC2,8.4666666,1.478873239,U,1,6,3
P2,1.2666666,1.5,U,1,6,6