cross,mean,SE,sex,environ,sire,dam
P1,4.0666666,1.363636364,U,1,1,1
BC1,5,0.097402597,U,1,1,3
F1,4.4,1.217532468,U,1,1,6
F2,4.86666666,0.506493506,U,1,3,3
BC2,4.1,0.448051948,U,1,6,3
P2,3.666666,1.938311688,U,1,6,6