cross,mean,SE,sex,environ,sire,dam
P1,4.333333,1.480392157,U,1,1,1
BC1,4.666668,0.715686275,U,1,1,3
F1,3.5,1.833333333,U,1,1,6
F2,4.5,0.931372549,U,1,3,3
BC2,4.5,1,U,1,6,3
P2,4,1.352941176,U,1,6,6