cross,mean,SE,sex,environ,sire,dam
P1,4.8,1.325342466,U,1,1,1
BC1,3.6,2.589041096,U,1,1,3
F1,4.3,1.294520548,U,1,1,6
F2,3.6,1.869863014,U,1,3,3
BC2,4.4,1.058219178,U,1,6,3
P2,4.6,0.883561644,U,1,6,6