cross,mean,SE,sex,environ,sire,dam
P1,4.1,1.292929293,U,1,1,1
BC1,4,1.050505051,U,1,1,3
F1,3.5,1.555555556,U,1,1,6
F2,4.9,0.333333333,U,1,3,3
BC2,3.6,1.535353535,U,1,6,3
P2,2.8666666,2.141414141,U,1,6,6