cross,mean,SE,sex,environ,sire,dam
P1,4.6,1.860627178,U,1,1,1
BC1,4.9,0.365853659,U,1,1,3
F1,4.533333,1.944250871,U,1,1,6
F2,4.15,1.348432056,U,1,3,3
BC2,4.15,1.160278746,U,1,6,3
P2,2.9,2.18466899,U,1,6,6