cross,mean,SE,sex,environ,sire,dam
P1,8,2.282828283,U,1,1,1
BC1,8.625,2.060606061,U,1,1,3
F1,7,2.626262626,U,1,1,6
F2,7.25,1.131313131,U,1,3,3
BC2,9,1.333333333,U,1,6,3
P2,7.5,2.848484848,U,1,6,6