cross,mean,SE,sex,environ,sire,dam
P1,8,2.24742268,U,1,1,1
BC1,7.75,2.721649485,U,1,1,3
F1,7.33333,1.381443299,U,1,1,6
F2,8.75,2.144329897,U,1,3,3
BC2,7,2.082474227,U,1,6,3
P2,1.3333333,1.567010309,U,1,6,6