cross,mean,SE,sex,environ,sire,dam
P1,6,1.664383562,U,1,1,1
BC1,7.375,2.116438356,U,1,1,3
F1,7.25,1.623287671,U,1,1,6
F2,6.33333333,3.493150685,U,1,3,3
BC2,5.666666,1.890410959,U,1,6,3
P2,0,0.143835616,U,1,6,6