cross,mean,SE,sex,environ,sire,dam
P1,4.6,0.731958763,U,1,1,1
BC1,3.4,1.546391753,U,1,1,3
F1,4.5,1.06185567,U,1,1,6
F2,4.1,1.422680412,U,1,3,3
BC2,4.9,0.412371134,U,1,6,3
P2,3.2,2.226804124,U,1,6,6