cross,mean,SE,sex,environ,sire,dam
P1,4.6,1.843853821,U,1,1,1
BC1,4.8,0.49833887,U,1,1,3
F1,4.7,0.817275748,U,1,1,6
F2,3.7,0.897009967,U,1,3,3
BC2,4.1,1.156146179,U,1,6,3
P2,3.7,1.833887043,U,1,6,6