cross,mean,SE,sex,environ,sire,dam
P1,4.7,0.595959596,U,1,1,1
BC1,3.8,1.676767677,U,1,1,3
F1,4.4,0.878787879,U,1,1,6
F2,4,1.232323232,U,1,3,3
BC2,4.66666,0.595959596,U,1,6,3
P2,4.35,1.434343434,U,1,6,6