cross,mean,SE,sex,environ,sire,dam
P1,7.666666,2.746753247,U,1,1,1
BC1,7,1.422077922,U,1,1,3
F1,8.3333333,3.642857143,U,1,1,6
F2,8.66666666,1.850649351,U,1,3,3
BC2,9,1.987012987,U,1,6,3
P2,6,2.688311688,U,1,6,6