cross,mean,SE,sex,environ,sire,dam
P1,4.7,0.6875,U,1,1,1
BC1,4.933333,0.364583333,U,1,1,3
F1,4.35,1.052083333,U,1,1,6
F2,4.95,0.364583333,U,1,3,3
BC2,4.65,0.6875,U,1,6,3
P2,3.8,1.322916667,U,1,6,6