cross,mean,SE,sex,environ,sire,dam
P1,0.059375,0.018269231,U,1,1,1
P2,0.0796875,0.007307692,U,1,2,2
F1,0.0796875,0.004615385,U,1,1,2
F2,0.0625,0.006923077,U,1,3,3
