cross,mean,SE,sex,environ,sire,dam
P1,0.0328125,0.007251908,U,1,1,1
P2,0.04375,0.009732824,U,1,2,2
F1,0.0578125,0.00610687,U,1,1,2
F2,0.0421875,0.006870229,U,1,3,3
