cross,mean,SE,sex,environ,sire,dam
P1,4.37,0.11,U,1,1,1
P2,2.71,0.071013077,U,1,2,2
F1,3.39,0.07,U,1,1,2
BC1,3.6,0.093996245,U,1,1,3
BC2,3.22,0.0660033,U,1,2,3
F2,3.12,0.029060099,U,1,3,3
F3,2.77,0.009661811,U,1,6,6