cross,mean,SE,sex,environ,sire,dam
P1,0.85,0.306306306,U,1,1,1
BC1,2.15,0.405405405,U,1,1,3
F1,1.25,0.297297297,U,1,6,1
F2,1.65,0.315315315,U,1,3,3
BC2,0.75,0.297297297,U,1,6,3
P2,0.5,0.297297297,U,1,6,6