cross,mean,SE,sex,environ,sire,dam
P1,0.09375,0.295454545,U,1,1,1
BC1,1.3125,0.404545455,U,1,1,3
F1,1.96875,0.290909091,U,1,6,1
F2,0.8125,0.304545455,U,1,3,3
BC2,0.28125,0.286363636,U,1,6,3
P2,0.25,0.286363636,U,1,6,6