cross,mean,SE,sex,environ,sire,dam
P1,0.7,0.24852071,U,1,1,1
BC1,0.725,0.337278107,U,1,1,3
F1,0.325,0.25443787,U,1,6,1
F2,0.65,0.24260355,U,1,3,3
BC2,0.15,0.25443787,U,1,6,3
P2,0.55,0.24852071,U,1,6,6