cross,mean,SE,sex,environ,sire,dam
P1,0.2,0.104580153,U,1,1,1
BC1,0,0,U,1,1,3
F1,0.15,0.101526718,U,1,6,1
F2,0.36,0.107633588,U,1,3,3
BC2,0.4,0.108396947,U,1,6,3
P2,0,0,U,1,6,6