cross,mean,SE,sex,environ,sire,dam
P1,0.075,0.062130178,U,1,1,1
BC1,0.1,0.091715976,U,1,1,3
F1,0.325,0.068047337,U,1,6,1
F2,0.625,0.073964497,U,1,3,3
BC2,1.35,0.073964497,U,1,6,3
P2,1.7,0.068047337,U,1,6,6