cross,mean,SE,sex,environ,sire,dam
P1,0.215,0.276785714,U,1,1,1
BC1,1.7,0.392857143,U,1,1,3
F1,0.5,0.294642857,U,1,6,1
F2,0.35,0.285714286,U,1,3,3
BC2,0.25,0.285714286,U,1,6,3
P2,0.05,0.285714286,U,1,6,6