cross,mean,SE,sex,environ,sire,dam
P1,1.75,2.470588235,U,1,1,1
BC1,0,0,U,1,1,3
F1,4.75,2.588235294,U,1,6,1
F2,1.5,2.588235294,U,1,3,3
BC2,0,0,U,1,6,3
P2,8.5,2.470588235,U,1,6,6