cross,mean,SE,sex,environ,sire,dam
P1,202.5,20,U,1,1,1
BC1,242.5,25.29411765,U,1,1,3
F1,237.5,17.05882353,U,1,6,1
F2,157.5,20.58823529,U,1,3,3
BC2,162.5,20,U,1,6,3
P2,177.5,18.82352941,U,1,6,6