cross,mean,SE,sex,environ,sire,dam
P1,0.6125,0.18452381,U,1,1,1
BC1,1.1125,0.630952381,U,1,1,3
F1,0.6375,0.238095238,U,1,6,1
F2,0.65,0.238095238,U,1,3,3
BC2,0.4,0.172619048,U,1,6,3
P2,0.2875,0.172619048,U,1,6,6