cross,mean,SE,sex,environ,sire,dam
P1,0.177777777,0.117948718,U,1,1,1
BC1,0,0,U,1,1,3
F1,0.09999999,0.087179487,U,1,6,1
F2,0.45,0.166666667,U,1,3,3
BC2,0.04444444,0.056410256,U,1,6,3
P2,0.122222222,0.097435897,U,1,6,6