cross,mean,SE,sex,environ,sire,dam
P1,3.75,0.459854015,U,1,1,1
BC1,2.333333,0.635036496,U,1,1,3
F1,1.8,0.47080292,U,1,6,1
F2,1.1,0.503649635,U,1,3,3
BC2,1.1,0.459854015,U,1,6,3
P2,1.8,0.459854015,U,1,6,6