cross,mean,SE,sex,environ,sire,dam
P1,12.75,1.184210526,U,1,1,1
BC1,10.25,1.578947368,U,1,1,3
F1,6.5,1.184210526,U,1,6,1
F2,3.5,1.217105263,U,1,3,3
BC2,2.5,1.151315789,U,1,6,3
P2,7,1.151315789,U,1,6,6