cross,mean,SE,sex,environ,sire,dam
P1,0.58333333,0.414634146,U,1,1,1
BC1,2.16666666,0.554878049,U,1,1,3
F1,2.458333333,0.402439024,U,1,6,1
F2,1.58333333,0.426829268,U,1,3,3
BC2,0.91666666,0.408536585,U,1,6,3
P2,0.16666666,0.408536585,U,1,6,6