cross,mean,SE,sex,environ,sire,dam
P1,0.1875,0.26119403,U,1,1,1
BC1,0.1875,0.343283582,U,1,1,3
F1,83125,0.26119403,U,1,6,1
F2,0.84375,0.253731343,U,1,3,3
BC2,0.53125,0.253731343,U,1,6,3
P2,0.15625,0.253731343,U,1,6,6