"","a","d","aa","ad","dd","NA"
"1. / 2.",0.0575757575757576,0.351515151515152,0.103030303030303,0.351515151515152,0.512121212121212,0.0484848484848485
"2. / 1.",0.0636363636363636,0.442424242424242,0.254545454545455,0.336363636363636,0.348484848484849,0.0393939393939394
"1. * 2.",0.0454545454545455,0.0424242424242424,0.212121212121212,0.345454545454545,0.8,0.0272727272727273
"1. + 2.",0.0727272727272727,0.0424242424242424,0.148484848484848,0.272727272727273,0.721212121212121,0.0424242424242424
"1. - 2.",0.0727272727272727,0.142424242424242,0.148484848484848,0.293939393939394,0.633333333333333,0.0424242424242424
"2. - 1.",0.0727272727272727,0.142424242424242,0.148484848484848,0.293939393939394,0.633333333333333,0.0424242424242424
