"","a","d","aa","ad","dd","NA"
"1. / 2.",0.94551282051282,0.429487179487179,0.121794871794872,0.346153846153846,0.692307692307692,0.00641025641025641
"2. / 1.",0.94551282051282,0.192307692307692,0.391025641025641,0.282051282051282,0.78525641025641,0.00320512820512821
"1. * 2.",0.926282051282051,0.105769230769231,0.0480769230769231,0.333333333333333,0.875,0.00641025641025641
"1. + 2.",0.766025641025641,0.0833333333333333,0.0576923076923077,0.0993589743589744,0.685897435897436,0.00320512820512821
"1. - 2.",0.769230769230769,0.0961538461538462,0.0512820512820513,0.0801282051282051,0.682692307692308,0.00641025641025641
"2. - 1.",0.769230769230769,0.0961538461538462,0.0512820512820513,0.0801282051282051,0.682692307692308,0.00641025641025641
